Invoice_ID,Date,Branch,City,Product,Customer_Type,Quantity,Unit_Price,Sales,Payment_Method,Rating
INV-0001,2025-05-22,A,Delhi,Vegetables,Member,6,96.0,576.0,Credit Card,3.6
INV-0002,2025-02-05,C,Mumbai,Beverages,Member,10,94.17,941.7,Credit Card,4.0
INV-0003,2025-05-31,B,Pune,Meat,Member,9,305.17,2746.53,Cash,4.2
INV-0004,2025-04-24,C,Mumbai,Snacks,Normal,6,81.68,490.08,Cash,3.9
INV-0005,2025-03-07,A,Delhi,Vegetables,Member,9,25.5,229.5,Cash,4.6
INV-0006,2025-04-15,C,Mumbai,Personal Care,Member,4,121.74,486.96,Credit Card,2.6
INV-0007,2025-03-26,B,Pune,Milk,Normal,8,70.63,565.04,UPI,5.0
INV-0008,2025-01-02,A,Delhi,Vegetables,Member,4,69.7,278.8,Credit Card,4.6
INV-0009,2025-03-16,C,Mumbai,Meat,Normal,2,180.38,360.76,Credit Card,3.9
INV-0010,2025-03-08,A,Delhi,Snacks,Normal,10,133.19,1331.9,UPI,3.6
INV-0011,2025-06-29,A,Delhi,Beverages,Normal,9,119.04,1071.36,Credit Card,3.4
INV-0012,2025-05-31,C,Mumbai,Meat,Member,5,402.52,2012.6,UPI,4.4
INV-0013,2025-06-03,C,Mumbai,Meat,Member,4,324.07,1296.28,UPI,4.6
INV-0014,2025-02-24,B,Pune,Milk,Member,2,60.19,120.38,Credit Card,3.9
INV-0015,2025-01-06,B,Pune,Fruits,Normal,1,39.47,39.47,UPI,4.7
INV-0016,2025-06-12,B,Pune,Snacks,Member,7,58.41,408.87,Credit Card,3.4
INV-0017,2025-05-30,A,Delhi,Bread,Normal,6,88.32,529.92,Credit Card,3.3
INV-0018,2025-06-20,A,Delhi,Meat,Member,2,218.55,437.1,Cash,5.0
INV-0019,2025-05-23,C,Mumbai,Fruits,Normal,8,117.97,943.76,UPI,4.4
INV-0020,2025-03-27,C,Mumbai,Bread,Member,4,61.91,247.64,UPI,4.9
INV-0021,2025-03-01,C,Mumbai,Snacks,Member,8,54.94,439.52,Cash,3.4
INV-0022,2025-04-11,C,Mumbai,Cheese,Member,7,135.89,951.23,Credit Card,3.4
INV-0023,2025-01-12,A,Delhi,Personal Care,Normal,5,93.42,467.1,Cash,3.8
INV-0024,2025-02-18,B,Pune,Fruits,Normal,10,113.31,1133.1,UPI,3.5
INV-0025,2025-02-11,A,Delhi,Frozen Food,Member,10,150.41,1504.1,Cash,4.5
INV-0026,2025-06-15,B,Pune,Cheese,Member,8,183.27,1466.16,Cash,3.5
INV-0027,2025-03-23,B,Pune,Personal Care,Normal,9,110.11,990.99,Credit Card,3.2
INV-0028,2025-06-22,C,Mumbai,Milk,Normal,5,41.62,208.1,UPI,4.1
INV-0029,2025-02-04,B,Pune,Vegetables,Normal,10,61.59,615.9,Credit Card,3.2
INV-0030,2025-06-07,A,Delhi,Beverages,Member,5,66.91,334.55,Cash,2.8
INV-0031,2025-06-07,A,Delhi,Frozen Food,Normal,2,222.03,444.06,Credit Card,4.1
INV-0032,2025-05-14,C,Mumbai,Milk,Member,5,51.67,258.35,UPI,2.9
INV-0033,2025-03-08,B,Pune,Snacks,Normal,3,81.23,243.69,Cash,4.5
INV-0034,2025-03-21,A,Delhi,Milk,Member,7,56.33,394.31,Credit Card,3.1
INV-0035,2025-01-07,A,Delhi,Vegetables,Normal,10,58.31,583.1,UPI,2.5
INV-0036,2025-06-29,C,Mumbai,Snacks,Normal,5,149.43,747.15,Credit Card,3.8
INV-0037,2025-01-14,A,Delhi,Frozen Food,Normal,8,172.71,1381.68,Cash,4.1
INV-0038,2025-03-14,C,Mumbai,Vegetables,Normal,1,31.62,31.62,UPI,4.3
INV-0039,2025-05-23,C,Mumbai,Bread,Normal,3,66.41,199.23,UPI,4.1
INV-0040,2025-05-29,A,Delhi,Beverages,Member,3,69.71,209.13,Credit Card,3.3
INV-0041,2025-06-12,A,Delhi,Frozen Food,Normal,9,85.26,767.34,UPI,4.5
INV-0042,2025-03-07,C,Mumbai,Bread,Normal,5,88.24,441.2,Cash,4.6
INV-0043,2025-04-01,B,Pune,Personal Care,Normal,9,183.77,1653.93,UPI,3.2
INV-0044,2025-05-10,B,Pune,Frozen Food,Member,9,246.62,2219.58,Cash,3.9
INV-0045,2025-06-12,C,Mumbai,Personal Care,Normal,1,136.46,136.46,UPI,3.8
INV-0046,2025-01-20,C,Mumbai,Snacks,Member,2,98.55,197.1,Credit Card,4.1
INV-0047,2025-01-10,C,Mumbai,Bread,Normal,5,40.1,200.5,Credit Card,3.9
INV-0048,2025-01-25,C,Mumbai,Beverages,Normal,4,82.1,328.4,Credit Card,4.0
INV-0049,2025-01-25,B,Pune,Vegetables,Member,10,87.89,878.9,Credit Card,4.4
INV-0050,2025-02-23,A,Delhi,Meat,Normal,9,256.86,2311.74,UPI,3.3
INV-0051,2025-02-02,C,Mumbai,Milk,Member,7,72.21,505.47,Credit Card,4.5
INV-0052,2025-06-13,B,Pune,Cheese,Member,6,233.44,1400.64,UPI,4.7
INV-0053,2025-04-05,B,Pune,Beverages,Normal,7,73.03,511.21,UPI,5.0
INV-0054,2025-01-14,C,Mumbai,Bread,Member,1,60.45,60.45,UPI,2.6
INV-0055,2025-03-06,A,Delhi,Meat,Normal,1,353.22,353.22,Cash,3.9
INV-0056,2025-04-20,B,Pune,Beverages,Normal,8,80.55,644.4,Credit Card,2.7
INV-0057,2025-03-21,A,Delhi,Bread,Member,2,79.84,159.68,Cash,2.4
INV-0058,2025-02-23,B,Pune,Fruits,Member,10,79.03,790.3,Cash,4.1
INV-0059,2025-05-05,A,Delhi,Fruits,Member,9,44.87,403.83,UPI,3.7
INV-0060,2025-06-29,A,Delhi,Personal Care,Member,7,153.28,1072.96,Credit Card,4.2
INV-0061,2025-05-11,A,Delhi,Beverages,Normal,6,179.96,1079.76,Cash,4.3
INV-0062,2025-06-18,B,Pune,Fruits,Normal,1,43.55,43.55,Cash,4.8
INV-0063,2025-05-14,C,Mumbai,Bread,Member,1,79.01,79.01,UPI,4.0
INV-0064,2025-01-25,B,Pune,Personal Care,Normal,2,93.17,186.34,Credit Card,5.0
INV-0065,2025-05-21,C,Mumbai,Bread,Normal,6,76.94,461.64,Cash,4.2
INV-0066,2025-04-27,B,Pune,Personal Care,Normal,6,177.53,1065.18,UPI,5.0
INV-0067,2025-05-16,A,Delhi,Beverages,Normal,2,89.06,178.12,UPI,2.5
INV-0068,2025-05-29,C,Mumbai,Meat,Member,1,247.75,247.75,Cash,4.9
INV-0069,2025-01-25,A,Delhi,Vegetables,Member,10,84.44,844.4,Cash,3.9
INV-0070,2025-03-20,C,Mumbai,Frozen Food,Normal,5,158.45,792.25,UPI,2.7
INV-0071,2025-03-09,A,Delhi,Meat,Member,5,369.25,1846.25,Credit Card,4.3
INV-0072,2025-06-22,C,Mumbai,Snacks,Member,2,56.28,112.56,UPI,3.8
INV-0073,2025-01-12,A,Delhi,Bread,Member,6,81.15,486.9,Cash,4.4
INV-0074,2025-02-01,C,Mumbai,Snacks,Normal,9,118.2,1063.8,Credit Card,4.7
INV-0075,2025-05-08,B,Pune,Meat,Normal,2,422.08,844.16,Cash,3.0
INV-0076,2025-04-06,C,Mumbai,Personal Care,Normal,10,81.18,811.8,Cash,4.7
INV-0077,2025-04-02,A,Delhi,Frozen Food,Member,2,180.81,361.62,Cash,4.0
INV-0078,2025-05-21,B,Pune,Frozen Food,Normal,3,181.85,545.55,UPI,4.9
INV-0079,2025-01-31,C,Mumbai,Cheese,Normal,7,176.55,1235.85,Credit Card,3.9
INV-0080,2025-03-19,B,Pune,Frozen Food,Member,6,157.94,947.64,Cash,3.7
INV-0081,2025-01-20,B,Pune,Vegetables,Normal,8,27.85,222.8,Credit Card,4.0
INV-0082,2025-05-26,C,Mumbai,Frozen Food,Normal,8,206.8,1654.4,UPI,4.1
INV-0083,2025-03-01,B,Pune,Meat,Member,6,314.8,1888.8,UPI,3.6
INV-0084,2025-05-14,B,Pune,Cheese,Member,10,129.24,1292.4,UPI,3.7
INV-0085,2025-06-09,B,Pune,Meat,Member,3,354.23,1062.69,Cash,3.2
INV-0086,2025-04-03,C,Mumbai,Meat,Normal,3,290.03,870.09,UPI,3.7
INV-0087,2025-02-12,A,Delhi,Milk,Normal,1,36.55,36.55,Credit Card,4.4
INV-0088,2025-05-10,A,Delhi,Cheese,Normal,7,275.14,1925.98,Cash,3.9
INV-0089,2025-03-01,C,Mumbai,Meat,Member,5,434.73,2173.65,Credit Card,4.7
INV-0090,2025-05-31,C,Mumbai,Milk,Member,4,58.08,232.32,UPI,3.9
INV-0091,2025-01-31,B,Pune,Milk,Normal,10,39.22,392.2,Credit Card,3.1
INV-0092,2025-01-05,B,Pune,Cheese,Normal,4,240.74,962.96,Credit Card,4.4
INV-0093,2025-06-11,A,Delhi,Snacks,Member,4,94.11,376.44,Credit Card,3.6
INV-0094,2025-01-10,A,Delhi,Personal Care,Member,6,108.39,650.34,Credit Card,3.8
INV-0095,2025-03-30,B,Pune,Vegetables,Member,8,61.86,494.88,Credit Card,4.8
INV-0096,2025-05-10,B,Pune,Personal Care,Member,8,143.59,1148.72,Cash,3.2
INV-0097,2025-05-06,B,Pune,Frozen Food,Normal,5,175.66,878.3,UPI,4.1
INV-0098,2025-01-11,A,Delhi,Vegetables,Member,6,58.09,348.54,UPI,4.0
INV-0099,2025-06-27,C,Mumbai,Frozen Food,Normal,4,182.98,731.92,Credit Card,4.5
INV-0100,2025-06-08,C,Mumbai,Meat,Normal,9,425.62,3830.58,Cash,4.6
INV-0101,2025-02-25,C,Mumbai,Bread,Normal,8,51.74,413.92,Credit Card,4.2
INV-0102,2025-03-24,B,Pune,Cheese,Member,10,236.11,2361.1,Cash,3.8
INV-0103,2025-05-17,A,Delhi,Vegetables,Member,10,92.08,920.8,UPI,4.3
INV-0104,2025-04-09,C,Mumbai,Vegetables,Member,1,59.2,59.2,UPI,4.9
INV-0105,2025-05-29,C,Mumbai,Meat,Member,2,283.04,566.08,Cash,4.0
INV-0106,2025-03-14,A,Delhi,Snacks,Normal,9,106.23,956.07,Cash,3.8
INV-0107,2025-06-05,C,Mumbai,Milk,Member,8,61.61,492.88,UPI,4.3
INV-0108,2025-04-25,C,Mumbai,Meat,Member,3,391.98,1175.94,Cash,4.0
INV-0109,2025-01-07,C,Mumbai,Fruits,Normal,8,72.88,583.04,UPI,3.1
INV-0110,2025-03-21,C,Mumbai,Milk,Member,1,79.83,79.83,Cash,4.2
INV-0111,2025-05-24,B,Pune,Cheese,Normal,10,129.52,1295.2,UPI,3.1
INV-0112,2025-04-07,B,Pune,Milk,Normal,4,35.14,140.56,Credit Card,4.2
INV-0113,2025-01-04,C,Mumbai,Snacks,Normal,3,110.42,331.26,UPI,3.5
INV-0114,2025-01-04,C,Mumbai,Milk,Normal,6,48.43,290.58,Cash,4.0
INV-0115,2025-04-13,A,Delhi,Cheese,Normal,7,158.46,1109.22,UPI,4.3
INV-0116,2025-02-09,A,Delhi,Snacks,Normal,4,74.31,297.24,UPI,5.0
INV-0117,2025-01-17,B,Pune,Personal Care,Normal,7,100.97,706.79,Cash,4.5
INV-0118,2025-04-11,C,Mumbai,Vegetables,Normal,9,27.31,245.79,Cash,4.9
INV-0119,2025-04-13,C,Mumbai,Vegetables,Member,2,97.86,195.72,Cash,5.0
INV-0120,2025-05-04,A,Delhi,Frozen Food,Member,3,117.53,352.59,UPI,4.3
INV-0121,2025-02-21,B,Pune,Personal Care,Member,5,177.44,887.2,Cash,4.2
INV-0122,2025-02-21,B,Pune,Personal Care,Member,3,182.02,546.06,Credit Card,3.3
INV-0123,2025-06-13,C,Mumbai,Milk,Normal,8,76.82,614.56,Credit Card,3.9
INV-0124,2025-05-04,C,Mumbai,Vegetables,Member,10,27.29,272.9,UPI,3.5
INV-0125,2025-06-15,C,Mumbai,Cheese,Normal,8,259.53,2076.24,Cash,3.7
INV-0126,2025-06-27,B,Pune,Beverages,Member,8,118.54,948.32,UPI,5.0
INV-0127,2025-03-04,B,Pune,Beverages,Member,9,132.23,1190.07,UPI,4.1
INV-0128,2025-04-26,A,Delhi,Snacks,Member,4,110.89,443.56,Credit Card,3.4
INV-0129,2025-03-03,A,Delhi,Vegetables,Normal,5,86.48,432.4,UPI,4.9
INV-0130,2025-01-07,C,Mumbai,Vegetables,Member,5,50.01,250.05,Cash,4.6
INV-0131,2025-06-04,C,Mumbai,Beverages,Normal,8,145.3,1162.4,Cash,4.7
INV-0132,2025-04-02,C,Mumbai,Vegetables,Normal,7,64.64,452.48,Credit Card,2.7
INV-0133,2025-01-14,C,Mumbai,Milk,Member,9,70.7,636.3,Cash,5.0
INV-0134,2025-03-27,B,Pune,Fruits,Member,8,119.15,953.2,UPI,3.6
INV-0135,2025-05-13,C,Mumbai,Bread,Member,2,42.04,84.08,UPI,4.5
INV-0136,2025-05-10,C,Mumbai,Personal Care,Normal,10,219.14,2191.4,Cash,5.0
INV-0137,2025-03-03,C,Mumbai,Frozen Food,Member,4,95.27,381.08,UPI,5.0
INV-0138,2025-05-29,A,Delhi,Snacks,Normal,6,40.25,241.5,UPI,3.4
INV-0139,2025-03-20,B,Pune,Fruits,Normal,2,33.97,67.94,UPI,3.1
INV-0140,2025-05-29,A,Delhi,Beverages,Member,7,94.43,661.01,UPI,4.9
INV-0141,2025-05-18,C,Mumbai,Personal Care,Member,3,161.27,483.81,Cash,4.1
INV-0142,2025-02-27,B,Pune,Vegetables,Normal,3,30.18,90.54,UPI,3.7
INV-0143,2025-04-30,A,Delhi,Frozen Food,Normal,2,80.96,161.92,Cash,4.4
INV-0144,2025-06-16,C,Mumbai,Vegetables,Normal,8,95.28,762.24,Cash,3.9
INV-0145,2025-05-13,B,Pune,Cheese,Member,6,251.51,1509.06,Credit Card,4.5
INV-0146,2025-03-06,B,Pune,Cheese,Normal,1,249.47,249.47,UPI,4.0
INV-0147,2025-01-13,A,Delhi,Frozen Food,Member,1,230.35,230.35,UPI,4.5
INV-0148,2025-06-30,C,Mumbai,Frozen Food,Normal,7,199.01,1393.07,UPI,3.4
INV-0149,2025-03-23,B,Pune,Beverages,Normal,8,63.57,508.56,Cash,4.9
INV-0150,2025-06-22,C,Mumbai,Frozen Food,Member,5,147.85,739.25,Credit Card,4.5
INV-0151,2025-06-09,B,Pune,Milk,Normal,5,67.54,337.7,UPI,4.4
INV-0152,2025-06-13,C,Mumbai,Vegetables,Member,4,46.03,184.12,Credit Card,3.3
INV-0153,2025-05-19,B,Pune,Fruits,Member,6,91.87,551.22,UPI,5.0
INV-0154,2025-05-29,B,Pune,Meat,Normal,6,157.35,944.1,Cash,4.0
INV-0155,2025-02-21,C,Mumbai,Frozen Food,Member,3,132.04,396.12,Credit Card,4.5
INV-0156,2025-04-27,B,Pune,Snacks,Member,9,100.4,903.6,Credit Card,3.8
INV-0157,2025-01-26,A,Delhi,Cheese,Normal,7,221.13,1547.91,Credit Card,4.2
INV-0158,2025-02-03,A,Delhi,Milk,Member,1,60.97,60.97,Credit Card,4.2
INV-0159,2025-02-21,C,Mumbai,Personal Care,Member,7,171.64,1201.48,UPI,2.2
INV-0160,2025-04-22,B,Pune,Meat,Member,5,151.83,759.15,Credit Card,4.4
INV-0161,2025-03-23,C,Mumbai,Fruits,Normal,5,39.08,195.4,UPI,5.0
INV-0162,2025-06-29,A,Delhi,Meat,Member,2,410.68,821.36,Credit Card,4.4
INV-0163,2025-06-06,A,Delhi,Frozen Food,Normal,4,195.9,783.6,Cash,3.4
INV-0164,2025-06-15,A,Delhi,Beverages,Normal,6,64.68,388.08,Credit Card,4.4
INV-0165,2025-02-11,B,Pune,Cheese,Member,10,254.73,2547.3,Cash,4.7
INV-0166,2025-01-21,B,Pune,Cheese,Member,7,158.76,1111.32,Cash,4.3
INV-0167,2025-02-11,B,Pune,Personal Care,Member,5,136.52,682.6,Cash,4.0
INV-0168,2025-05-21,B,Pune,Beverages,Normal,9,68.88,619.92,Credit Card,3.8
INV-0169,2025-04-23,C,Mumbai,Vegetables,Member,3,78.26,234.78,UPI,3.8
INV-0170,2025-04-15,B,Pune,Bread,Member,1,70.01,70.01,UPI,4.5
INV-0171,2025-01-17,B,Pune,Milk,Member,4,44.5,178.0,UPI,3.1
INV-0172,2025-04-30,C,Mumbai,Cheese,Member,9,258.14,2323.26,UPI,3.8
INV-0173,2025-05-17,B,Pune,Snacks,Member,4,84.14,336.56,Credit Card,5.0
INV-0174,2025-06-18,B,Pune,Cheese,Normal,2,166.8,333.6,UPI,5.0
INV-0175,2025-05-09,C,Mumbai,Meat,Normal,10,195.7,1957.0,Credit Card,3.0
INV-0176,2025-05-10,C,Mumbai,Cheese,Member,5,162.59,812.95,UPI,3.3
INV-0177,2025-03-01,A,Delhi,Cheese,Member,3,123.52,370.56,UPI,3.8
INV-0178,2025-02-17,C,Mumbai,Bread,Member,9,65.0,585.0,Credit Card,4.6
INV-0179,2025-01-29,B,Pune,Bread,Member,4,80.53,322.12,Cash,2.8
INV-0180,2025-04-07,A,Delhi,Fruits,Normal,6,79.41,476.46,Cash,4.0
INV-0181,2025-01-10,B,Pune,Vegetables,Member,2,41.45,82.9,Cash,3.7
INV-0182,2025-02-27,C,Mumbai,Snacks,Normal,6,43.7,262.2,Credit Card,4.9
INV-0183,2025-01-21,B,Pune,Cheese,Normal,3,154.34,463.02,UPI,2.9
INV-0184,2025-01-28,A,Delhi,Cheese,Member,9,186.58,1679.22,Credit Card,4.1
INV-0185,2025-02-03,B,Pune,Milk,Normal,2,69.18,138.36,Credit Card,3.7
INV-0186,2025-01-08,A,Delhi,Bread,Normal,9,41.27,371.43,Cash,5.0
INV-0187,2025-06-26,A,Delhi,Snacks,Normal,5,119.18,595.9,UPI,4.4
INV-0188,2025-03-20,A,Delhi,Personal Care,Normal,8,198.71,1589.68,Cash,3.6
INV-0189,2025-05-25,A,Delhi,Fruits,Member,2,70.86,141.72,UPI,4.6
INV-0190,2025-03-28,A,Delhi,Vegetables,Member,6,86.61,519.66,UPI,3.7
INV-0191,2025-03-29,A,Delhi,Beverages,Normal,3,122.11,366.33,UPI,4.6
INV-0192,2025-06-22,B,Pune,Vegetables,Member,10,72.78,727.8,Cash,3.8
INV-0193,2025-03-10,A,Delhi,Meat,Member,5,307.88,1539.4,Credit Card,4.7
INV-0194,2025-06-09,B,Pune,Cheese,Member,8,194.11,1552.88,Credit Card,4.3
INV-0195,2025-06-21,C,Mumbai,Fruits,Member,10,51.12,511.2,Credit Card,5.0
INV-0196,2025-03-28,B,Pune,Meat,Member,1,240.96,240.96,Cash,4.0
INV-0197,2025-04-11,C,Mumbai,Snacks,Normal,5,71.9,359.5,UPI,4.2
INV-0198,2025-01-08,A,Delhi,Beverages,Member,3,123.23,369.69,UPI,3.7
INV-0199,2025-03-18,A,Delhi,Bread,Member,4,37.2,148.8,Credit Card,4.0
INV-0200,2025-03-28,A,Delhi,Fruits,Member,2,112.51,225.02,UPI,2.2
INV-0201,2025-02-12,A,Delhi,Fruits,Member,9,94.86,853.74,Credit Card,4.3
INV-0202,2025-05-09,A,Delhi,Cheese,Normal,3,184.23,552.69,Cash,4.9
INV-0203,2025-04-19,A,Delhi,Frozen Food,Normal,2,106.97,213.94,Cash,4.3
INV-0204,2025-06-28,A,Delhi,Fruits,Normal,10,109.38,1093.8,Credit Card,3.1
INV-0205,2025-06-01,A,Delhi,Milk,Normal,9,72.07,648.63,Cash,3.5
INV-0206,2025-06-01,B,Pune,Beverages,Member,7,143.82,1006.74,Credit Card,2.4
INV-0207,2025-01-17,A,Delhi,Beverages,Normal,6,85.3,511.8,Credit Card,4.6
INV-0208,2025-05-13,B,Pune,Milk,Member,1,53.11,53.11,Cash,3.3
INV-0209,2025-05-28,B,Pune,Personal Care,Member,5,76.44,382.2,UPI,4.0
INV-0210,2025-01-21,C,Mumbai,Milk,Member,3,43.51,130.53,Cash,3.9
INV-0211,2025-02-27,A,Delhi,Milk,Member,1,70.24,70.24,Credit Card,5.0
INV-0212,2025-06-08,C,Mumbai,Beverages,Member,4,142.96,571.84,UPI,4.1
INV-0213,2025-04-20,B,Pune,Vegetables,Normal,2,69.51,139.02,Cash,4.5
INV-0214,2025-05-19,A,Delhi,Beverages,Normal,2,166.44,332.88,Cash,4.4
INV-0215,2025-06-29,C,Mumbai,Frozen Food,Normal,3,179.16,537.48,Credit Card,4.9
INV-0216,2025-05-23,C,Mumbai,Cheese,Normal,8,194.71,1557.68,UPI,3.8
INV-0217,2025-05-15,A,Delhi,Meat,Member,8,252.11,2016.88,Credit Card,5.0
INV-0218,2025-01-28,A,Delhi,Vegetables,Normal,7,95.53,668.71,Credit Card,2.7
INV-0219,2025-02-20,C,Mumbai,Bread,Member,6,34.96,209.76,UPI,4.6
INV-0220,2025-01-05,C,Mumbai,Meat,Normal,9,429.27,3863.43,UPI,3.4
INV-0221,2025-01-05,A,Delhi,Cheese,Member,4,252.27,1009.08,Credit Card,3.7
INV-0222,2025-04-04,A,Delhi,Frozen Food,Member,1,102.09,102.09,UPI,4.4
INV-0223,2025-04-06,B,Pune,Frozen Food,Normal,8,176.05,1408.4,Credit Card,4.4
INV-0224,2025-01-08,B,Pune,Bread,Member,7,81.99,573.93,Cash,4.4
INV-0225,2025-03-05,B,Pune,Vegetables,Member,7,67.89,475.23,UPI,3.1
INV-0226,2025-05-18,B,Pune,Personal Care,Normal,3,205.15,615.45,Credit Card,4.9
INV-0227,2025-02-07,B,Pune,Milk,Member,4,77.43,309.72,Cash,3.4
INV-0228,2025-04-21,C,Mumbai,Vegetables,Normal,10,56.68,566.8,Cash,3.5
INV-0229,2025-04-22,A,Delhi,Personal Care,Normal,9,120.37,1083.33,UPI,4.4
INV-0230,2025-03-22,A,Delhi,Frozen Food,Normal,6,239.17,1435.02,Cash,3.8
INV-0231,2025-05-16,C,Mumbai,Beverages,Member,5,137.77,688.85,UPI,4.2
INV-0232,2025-04-14,C,Mumbai,Cheese,Member,3,138.56,415.68,Cash,2.6
INV-0233,2025-06-02,B,Pune,Bread,Member,9,32.54,292.86,Credit Card,4.2
INV-0234,2025-03-14,B,Pune,Cheese,Normal,5,210.34,1051.7,UPI,4.1
INV-0235,2025-06-27,A,Delhi,Snacks,Member,5,142.32,711.6,Cash,3.7
INV-0236,2025-02-18,B,Pune,Snacks,Normal,4,132.87,531.48,UPI,2.7
INV-0237,2025-02-05,B,Pune,Vegetables,Normal,4,75.69,302.76,Credit Card,3.9
INV-0238,2025-05-06,A,Delhi,Frozen Food,Member,1,103.65,103.65,UPI,4.0
INV-0239,2025-03-09,A,Delhi,Frozen Food,Normal,7,123.22,862.54,Credit Card,3.8
INV-0240,2025-03-19,B,Pune,Milk,Member,9,74.4,669.6,Cash,2.8
INV-0241,2025-04-15,A,Delhi,Milk,Member,3,43.23,129.69,UPI,5.0
INV-0242,2025-06-18,A,Delhi,Milk,Member,2,47.53,95.06,UPI,3.6
INV-0243,2025-05-02,A,Delhi,Beverages,Member,3,66.85,200.55,UPI,3.9
INV-0244,2025-04-29,A,Delhi,Meat,Member,1,352.83,352.83,Cash,2.4
INV-0245,2025-04-24,A,Delhi,Fruits,Normal,6,114.96,689.76,UPI,5.0
INV-0246,2025-01-10,C,Mumbai,Meat,Normal,7,230.69,1614.83,Credit Card,3.7
INV-0247,2025-05-29,B,Pune,Cheese,Normal,2,196.07,392.14,Cash,4.1
INV-0248,2025-06-13,C,Mumbai,Meat,Member,8,340.3,2722.4,UPI,4.7
INV-0249,2025-05-20,C,Mumbai,Beverages,Member,6,179.93,1079.58,Cash,3.6
INV-0250,2025-04-01,B,Pune,Cheese,Member,4,136.77,547.08,Credit Card,4.6
INV-0251,2025-01-02,A,Delhi,Meat,Normal,5,299.57,1497.85,UPI,2.7
INV-0252,2025-04-28,B,Pune,Beverages,Member,8,100.07,800.56,UPI,4.4
INV-0253,2025-01-13,B,Pune,Fruits,Normal,3,107.92,323.76,UPI,5.0
INV-0254,2025-06-30,C,Mumbai,Meat,Normal,3,292.79,878.37,Credit Card,3.6
INV-0255,2025-06-09,B,Pune,Beverages,Member,4,64.43,257.72,Cash,4.7
INV-0256,2025-04-05,A,Delhi,Milk,Member,1,63.55,63.55,Cash,5.0
INV-0257,2025-05-24,A,Delhi,Frozen Food,Normal,9,211.03,1899.27,Credit Card,3.8
INV-0258,2025-02-01,B,Pune,Milk,Member,8,35.13,281.04,Credit Card,3.8
INV-0259,2025-02-01,B,Pune,Frozen Food,Normal,8,226.02,1808.16,Cash,3.4
INV-0260,2025-05-04,B,Pune,Bread,Member,10,41.16,411.6,Credit Card,3.7
INV-0261,2025-01-11,B,Pune,Bread,Member,6,63.12,378.72,UPI,3.5
INV-0262,2025-01-10,C,Mumbai,Bread,Normal,7,54.95,384.65,UPI,3.4
INV-0263,2025-01-15,B,Pune,Fruits,Member,6,94.77,568.62,UPI,4.8
INV-0264,2025-01-17,A,Delhi,Milk,Normal,9,51.7,465.3,UPI,3.5
INV-0265,2025-06-17,A,Delhi,Frozen Food,Member,3,227.86,683.58,Cash,4.2
INV-0266,2025-05-26,A,Delhi,Beverages,Normal,3,144.96,434.88,Credit Card,4.0
INV-0267,2025-06-02,A,Delhi,Cheese,Normal,3,223.63,670.89,UPI,5.0
INV-0268,2025-02-28,A,Delhi,Beverages,Member,10,153.51,1535.1,UPI,3.7
INV-0269,2025-03-19,A,Delhi,Cheese,Normal,3,240.64,721.92,Cash,4.2
INV-0270,2025-05-04,A,Delhi,Snacks,Member,9,43.95,395.55,Credit Card,4.5
INV-0271,2025-04-24,A,Delhi,Beverages,Member,4,101.32,405.28,UPI,5.0
INV-0272,2025-01-22,C,Mumbai,Meat,Member,7,429.24,3004.68,Cash,3.7
INV-0273,2025-06-07,A,Delhi,Meat,Normal,9,187.72,1689.48,UPI,3.6
INV-0274,2025-06-21,B,Pune,Vegetables,Normal,7,80.28,561.96,UPI,3.3
INV-0275,2025-02-01,B,Pune,Milk,Member,9,78.86,709.74,Credit Card,5.0
INV-0276,2025-06-28,C,Mumbai,Cheese,Member,3,128.35,385.05,Credit Card,4.9
INV-0277,2025-06-23,A,Delhi,Cheese,Normal,4,229.15,916.6,UPI,4.0
INV-0278,2025-04-23,B,Pune,Milk,Member,8,56.07,448.56,Credit Card,5.0
INV-0279,2025-04-30,C,Mumbai,Fruits,Member,6,82.13,492.78,Cash,3.9
INV-0280,2025-05-29,C,Mumbai,Vegetables,Normal,5,31.4,157.0,Credit Card,4.5
INV-0281,2025-05-02,C,Mumbai,Fruits,Member,4,33.87,135.48,Cash,4.0
INV-0282,2025-02-01,A,Delhi,Fruits,Normal,8,90.02,720.16,Cash,4.3
INV-0283,2025-04-29,A,Delhi,Fruits,Member,1,104.1,104.1,Cash,4.2
INV-0284,2025-02-08,C,Mumbai,Milk,Normal,9,70.19,631.71,Cash,3.7
INV-0285,2025-01-12,C,Mumbai,Fruits,Member,1,78.94,78.94,UPI,4.7
INV-0286,2025-06-24,B,Pune,Meat,Member,8,179.96,1439.68,UPI,4.5
INV-0287,2025-01-18,B,Pune,Bread,Normal,4,71.28,285.12,UPI,4.7
INV-0288,2025-05-29,A,Delhi,Snacks,Member,9,66.61,599.49,Credit Card,4.2
INV-0289,2025-05-21,C,Mumbai,Cheese,Normal,5,265.77,1328.85,UPI,3.4
INV-0290,2025-05-29,A,Delhi,Cheese,Member,3,254.12,762.36,Cash,5.0
INV-0291,2025-05-06,A,Delhi,Snacks,Normal,9,118.03,1062.27,Credit Card,3.8
INV-0292,2025-05-16,B,Pune,Milk,Normal,9,77.7,699.3,UPI,4.2
INV-0293,2025-02-15,B,Pune,Beverages,Normal,4,54.08,216.32,Cash,4.4
INV-0294,2025-04-14,A,Delhi,Milk,Normal,4,68.13,272.52,Cash,4.2
INV-0295,2025-05-15,A,Delhi,Cheese,Member,8,172.84,1382.72,Credit Card,4.6
INV-0296,2025-05-31,B,Pune,Cheese,Member,2,264.97,529.94,UPI,4.7
INV-0297,2025-03-27,A,Delhi,Snacks,Normal,9,69.33,623.97,Cash,3.9
INV-0298,2025-05-30,B,Pune,Fruits,Normal,6,95.24,571.44,Credit Card,5.0
INV-0299,2025-03-30,A,Delhi,Milk,Normal,9,74.49,670.41,Credit Card,3.8
INV-0300,2025-01-22,B,Pune,Frozen Food,Member,8,87.08,696.64,Cash,4.2
INV-0301,2025-04-02,B,Pune,Snacks,Member,7,83.74,586.18,Cash,3.7
INV-0302,2025-01-29,A,Delhi,Meat,Member,1,378.69,378.69,Cash,3.6
INV-0303,2025-01-13,B,Pune,Cheese,Member,3,192.79,578.37,Credit Card,4.7
INV-0304,2025-01-02,A,Delhi,Snacks,Normal,2,69.4,138.8,Cash,5.0
INV-0305,2025-01-29,A,Delhi,Milk,Normal,5,44.89,224.45,UPI,3.8
INV-0306,2025-06-29,C,Mumbai,Cheese,Normal,5,141.04,705.2,Credit Card,4.8
INV-0307,2025-01-27,A,Delhi,Beverages,Member,5,161.43,807.15,Cash,3.8
INV-0308,2025-02-19,C,Mumbai,Snacks,Member,4,103.29,413.16,Cash,4.0
INV-0309,2025-04-05,A,Delhi,Vegetables,Member,5,30.73,153.65,UPI,5.0
INV-0310,2025-05-31,C,Mumbai,Cheese,Normal,3,181.21,543.63,Cash,3.3
INV-0311,2025-03-29,C,Mumbai,Milk,Normal,1,51.55,51.55,Cash,3.1
INV-0312,2025-02-13,B,Pune,Bread,Member,5,40.9,204.5,Cash,3.9
INV-0313,2025-01-22,B,Pune,Frozen Food,Normal,9,154.04,1386.36,UPI,4.4
INV-0314,2025-06-20,B,Pune,Personal Care,Member,9,113.14,1018.26,Cash,4.3
INV-0315,2025-06-14,B,Pune,Fruits,Member,4,60.76,243.04,Credit Card,4.2
INV-0316,2025-04-07,C,Mumbai,Personal Care,Normal,3,178.24,534.72,UPI,4.0
INV-0317,2025-01-03,C,Mumbai,Milk,Member,1,45.05,45.05,Credit Card,4.5
INV-0318,2025-04-28,C,Mumbai,Meat,Normal,2,342.56,685.12,Cash,2.1
INV-0319,2025-01-19,A,Delhi,Meat,Member,8,321.19,2569.52,Credit Card,3.5
INV-0320,2025-01-23,C,Mumbai,Bread,Normal,1,64.09,64.09,Credit Card,3.9
INV-0321,2025-06-06,C,Mumbai,Fruits,Normal,8,89.67,717.36,Cash,4.5
INV-0322,2025-01-30,A,Delhi,Vegetables,Normal,7,66.13,462.91,Credit Card,5.0
INV-0323,2025-02-08,A,Delhi,Bread,Member,8,82.76,662.08,Credit Card,3.4
INV-0324,2025-04-18,C,Mumbai,Personal Care,Member,6,168.09,1008.54,Cash,4.9
INV-0325,2025-04-21,B,Pune,Bread,Normal,9,62.82,565.38,UPI,3.7
INV-0326,2025-01-25,C,Mumbai,Personal Care,Normal,3,192.76,578.28,Cash,3.9
INV-0327,2025-05-08,A,Delhi,Cheese,Member,10,216.98,2169.8,Credit Card,4.4
INV-0328,2025-04-21,C,Mumbai,Meat,Member,4,237.34,949.36,Credit Card,3.9
INV-0329,2025-05-16,A,Delhi,Cheese,Member,6,153.14,918.84,Credit Card,4.7
INV-0330,2025-04-16,A,Delhi,Frozen Food,Normal,8,105.9,847.2,Cash,3.7
INV-0331,2025-05-24,A,Delhi,Fruits,Member,5,110.95,554.75,Credit Card,3.7
INV-0332,2025-03-13,C,Mumbai,Vegetables,Member,3,78.26,234.78,UPI,4.7
INV-0333,2025-05-09,C,Mumbai,Personal Care,Normal,6,209.98,1259.88,Cash,3.5
INV-0334,2025-04-18,B,Pune,Vegetables,Member,4,70.25,281.0,UPI,4.2
INV-0335,2025-01-05,B,Pune,Personal Care,Member,9,135.74,1221.66,UPI,2.9
INV-0336,2025-01-03,C,Mumbai,Milk,Member,3,37.69,113.07,UPI,5.0
INV-0337,2025-05-12,B,Pune,Bread,Normal,4,70.3,281.2,Cash,4.8
INV-0338,2025-04-14,C,Mumbai,Frozen Food,Normal,7,178.98,1252.86,Cash,5.0
INV-0339,2025-03-05,B,Pune,Meat,Normal,7,447.06,3129.42,Cash,4.9
INV-0340,2025-04-16,B,Pune,Personal Care,Normal,4,98.27,393.08,Cash,3.3
INV-0341,2025-04-08,B,Pune,Vegetables,Normal,6,64.81,388.86,UPI,4.4
INV-0342,2025-01-10,A,Delhi,Frozen Food,Normal,3,190.66,571.98,UPI,3.4
INV-0343,2025-05-29,C,Mumbai,Beverages,Normal,6,133.8,802.8,UPI,5.0
INV-0344,2025-05-08,B,Pune,Beverages,Member,2,122.97,245.94,UPI,3.3
INV-0345,2025-02-15,A,Delhi,Cheese,Member,8,244.31,1954.48,Cash,3.3
INV-0346,2025-06-04,C,Mumbai,Meat,Normal,2,211.49,422.98,Cash,3.0
INV-0347,2025-03-07,B,Pune,Milk,Member,7,67.65,473.55,Cash,3.7
INV-0348,2025-06-18,B,Pune,Vegetables,Member,9,71.48,643.32,Cash,3.6
INV-0349,2025-04-22,C,Mumbai,Bread,Normal,1,83.76,83.76,UPI,3.2
INV-0350,2025-01-13,B,Pune,Bread,Member,8,80.83,646.64,Credit Card,5.0
INV-0351,2025-05-17,A,Delhi,Vegetables,Member,7,48.64,340.48,Cash,4.3
INV-0352,2025-06-13,C,Mumbai,Fruits,Member,6,54.86,329.16,Cash,4.3
INV-0353,2025-03-27,B,Pune,Milk,Member,6,79.17,475.02,UPI,5.0
INV-0354,2025-03-31,B,Pune,Frozen Food,Member,6,169.64,1017.84,UPI,4.2
INV-0355,2025-02-27,A,Delhi,Personal Care,Normal,9,205.03,1845.27,Cash,3.5
INV-0356,2025-02-23,C,Mumbai,Fruits,Normal,2,44.75,89.5,Cash,2.9
INV-0357,2025-01-12,B,Pune,Personal Care,Normal,1,162.85,162.85,Cash,3.5
INV-0358,2025-01-14,B,Pune,Personal Care,Member,6,189.58,1137.48,Cash,5.0
INV-0359,2025-05-01,C,Mumbai,Fruits,Normal,10,115.27,1152.7,Cash,3.2
INV-0360,2025-06-11,C,Mumbai,Cheese,Member,8,173.97,1391.76,Credit Card,4.2
INV-0361,2025-06-30,A,Delhi,Beverages,Member,3,144.25,432.75,Credit Card,4.7
INV-0362,2025-05-01,A,Delhi,Personal Care,Member,10,146.21,1462.1,Credit Card,4.2
INV-0363,2025-01-20,A,Delhi,Fruits,Member,1,35.46,35.46,Credit Card,4.3
INV-0364,2025-03-16,C,Mumbai,Fruits,Normal,9,92.1,828.9,UPI,4.4
INV-0365,2025-05-24,A,Delhi,Snacks,Normal,1,115.91,115.91,UPI,4.2
INV-0366,2025-03-11,B,Pune,Cheese,Member,3,268.9,806.7,UPI,5.0
INV-0367,2025-02-25,C,Mumbai,Meat,Normal,8,299.19,2393.52,Cash,3.3
INV-0368,2025-04-11,C,Mumbai,Snacks,Member,3,65.33,195.99,Credit Card,4.2
INV-0369,2025-05-12,B,Pune,Snacks,Normal,4,44.9,179.6,UPI,2.8
INV-0370,2025-04-21,C,Mumbai,Vegetables,Normal,8,56.17,449.36,Credit Card,2.7
INV-0371,2025-05-05,A,Delhi,Beverages,Member,1,89.25,89.25,UPI,3.9
INV-0372,2025-05-12,C,Mumbai,Fruits,Normal,6,98.5,591.0,Credit Card,4.4
INV-0373,2025-01-20,A,Delhi,Beverages,Member,1,96.05,96.05,UPI,5.0
INV-0374,2025-05-18,B,Pune,Milk,Normal,1,77.71,77.71,UPI,5.0
INV-0375,2025-01-24,C,Mumbai,Vegetables,Member,8,97.17,777.36,Cash,4.9
INV-0376,2025-06-03,A,Delhi,Meat,Member,4,336.27,1345.08,UPI,4.5
INV-0377,2025-02-06,A,Delhi,Beverages,Normal,1,170.73,170.73,UPI,4.1
INV-0378,2025-02-23,C,Mumbai,Bread,Normal,10,75.65,756.5,UPI,3.0
INV-0379,2025-04-13,C,Mumbai,Personal Care,Member,7,147.5,1032.5,Credit Card,3.9
INV-0380,2025-05-29,B,Pune,Milk,Normal,5,43.11,215.55,Cash,4.8
INV-0381,2025-02-07,C,Mumbai,Cheese,Normal,5,193.38,966.9,UPI,4.6
INV-0382,2025-06-23,B,Pune,Meat,Member,1,318.26,318.26,Cash,3.2
INV-0383,2025-01-04,A,Delhi,Milk,Member,10,73.88,738.8,Credit Card,4.4
INV-0384,2025-02-26,B,Pune,Personal Care,Normal,6,137.01,822.06,UPI,4.3
INV-0385,2025-06-22,A,Delhi,Vegetables,Member,9,92.33,830.97,Cash,4.2
INV-0386,2025-01-20,C,Mumbai,Personal Care,Member,9,167.9,1511.1,UPI,4.0
INV-0387,2025-01-17,B,Pune,Snacks,Member,8,55.07,440.56,UPI,4.4
INV-0388,2025-04-29,B,Pune,Personal Care,Normal,5,219.2,1096.0,Cash,4.5
INV-0389,2025-03-12,B,Pune,Snacks,Normal,1,98.0,98.0,UPI,3.6
INV-0390,2025-01-04,C,Mumbai,Vegetables,Member,9,54.39,489.51,Cash,4.3
INV-0391,2025-01-14,A,Delhi,Frozen Food,Normal,1,192.05,192.05,Credit Card,3.9
INV-0392,2025-01-03,B,Pune,Snacks,Member,8,51.98,415.84,UPI,3.0
INV-0393,2025-03-21,B,Pune,Cheese,Normal,5,221.85,1109.25,Cash,3.6
INV-0394,2025-02-24,B,Pune,Personal Care,Member,3,139.72,419.16,UPI,3.0
INV-0395,2025-05-12,A,Delhi,Personal Care,Member,7,125.07,875.49,Credit Card,4.6
INV-0396,2025-04-30,C,Mumbai,Cheese,Normal,7,272.48,1907.36,Cash,4.2
INV-0397,2025-01-24,C,Mumbai,Bread,Member,9,61.35,552.15,Credit Card,3.8
INV-0398,2025-06-11,B,Pune,Fruits,Normal,7,49.72,348.04,Cash,4.9
INV-0399,2025-06-07,C,Mumbai,Frozen Food,Normal,3,158.02,474.06,UPI,4.0
INV-0400,2025-03-23,C,Mumbai,Meat,Member,1,425.82,425.82,Cash,3.1
INV-0401,2025-05-27,C,Mumbai,Snacks,Member,8,59.37,474.96,Credit Card,3.7
INV-0402,2025-06-08,A,Delhi,Cheese,Normal,3,154.23,462.69,Cash,5.0
INV-0403,2025-03-01,B,Pune,Vegetables,Member,8,25.98,207.84,Credit Card,3.6
INV-0404,2025-05-27,B,Pune,Snacks,Member,8,41.56,332.48,Credit Card,4.2
INV-0405,2025-02-18,B,Pune,Fruits,Member,5,104.65,523.25,UPI,4.5
INV-0406,2025-03-04,C,Mumbai,Vegetables,Member,1,79.91,79.91,UPI,4.4
INV-0407,2025-04-20,C,Mumbai,Milk,Member,10,50.98,509.8,Cash,5.0
INV-0408,2025-05-30,C,Mumbai,Personal Care,Normal,7,171.73,1202.11,Cash,3.2
INV-0409,2025-06-01,B,Pune,Milk,Normal,10,52.78,527.8,Credit Card,3.3
INV-0410,2025-04-19,A,Delhi,Snacks,Member,5,144.82,724.1,Credit Card,3.2
INV-0411,2025-03-17,C,Mumbai,Fruits,Member,8,117.03,936.24,UPI,3.8
INV-0412,2025-01-30,C,Mumbai,Frozen Food,Member,9,146.77,1320.93,UPI,4.7
INV-0413,2025-02-27,A,Delhi,Snacks,Normal,7,133.96,937.72,Credit Card,3.3
INV-0414,2025-04-27,C,Mumbai,Cheese,Member,7,243.69,1705.83,UPI,4.7
INV-0415,2025-06-08,C,Mumbai,Beverages,Normal,1,90.3,90.3,Credit Card,4.0
INV-0416,2025-04-10,B,Pune,Snacks,Normal,4,65.52,262.08,Cash,3.3
INV-0417,2025-01-19,B,Pune,Personal Care,Normal,2,133.32,266.64,Cash,2.9
INV-0418,2025-06-25,B,Pune,Personal Care,Member,2,185.02,370.04,UPI,3.0
INV-0419,2025-06-22,A,Delhi,Snacks,Normal,2,145.62,291.24,Cash,3.6
INV-0420,2025-04-04,B,Pune,Vegetables,Member,4,82.27,329.08,Cash,3.9
INV-0421,2025-04-23,C,Mumbai,Beverages,Normal,1,161.18,161.18,Cash,4.9
INV-0422,2025-05-26,A,Delhi,Cheese,Member,4,216.49,865.96,UPI,4.5
INV-0423,2025-03-04,B,Pune,Snacks,Normal,2,131.89,263.78,Credit Card,3.5
INV-0424,2025-04-26,B,Pune,Vegetables,Member,5,83.83,419.15,Credit Card,4.3
INV-0425,2025-04-23,B,Pune,Personal Care,Normal,3,120.32,360.96,UPI,5.0
INV-0426,2025-02-16,C,Mumbai,Personal Care,Member,8,148.32,1186.56,UPI,5.0
INV-0427,2025-02-26,B,Pune,Fruits,Member,4,102.43,409.72,UPI,3.8
INV-0428,2025-04-28,B,Pune,Snacks,Member,1,45.07,45.07,Cash,4.6
INV-0429,2025-02-14,C,Mumbai,Beverages,Member,1,155.05,155.05,Cash,4.9
INV-0430,2025-06-10,B,Pune,Bread,Normal,10,40.67,406.7,Cash,3.0
INV-0431,2025-05-25,A,Delhi,Beverages,Normal,3,116.91,350.73,UPI,3.7
INV-0432,2025-01-04,B,Pune,Personal Care,Member,9,189.32,1703.88,Cash,5.0
INV-0433,2025-05-28,A,Delhi,Personal Care,Normal,7,100.61,704.27,Cash,3.8
INV-0434,2025-02-16,A,Delhi,Milk,Member,2,46.06,92.12,Cash,2.1
INV-0435,2025-05-23,B,Pune,Personal Care,Member,9,124.44,1119.96,Credit Card,3.9
INV-0436,2025-02-16,B,Pune,Cheese,Normal,10,263.14,2631.4,UPI,4.7
INV-0437,2025-03-19,C,Mumbai,Meat,Member,2,150.13,300.26,Cash,4.0
INV-0438,2025-05-04,B,Pune,Snacks,Member,3,139.15,417.45,Cash,4.5
INV-0439,2025-03-16,B,Pune,Beverages,Normal,10,69.99,699.9,Cash,4.6
INV-0440,2025-04-13,B,Pune,Meat,Member,2,447.03,894.06,Credit Card,3.8
INV-0441,2025-05-17,A,Delhi,Vegetables,Member,3,96.61,289.83,Cash,3.7
INV-0442,2025-03-31,C,Mumbai,Bread,Member,6,59.68,358.08,Credit Card,4.1
INV-0443,2025-05-24,A,Delhi,Cheese,Member,9,202.04,1818.36,UPI,4.1
INV-0444,2025-03-10,C,Mumbai,Beverages,Normal,9,112.6,1013.4,UPI,4.0
INV-0445,2025-03-02,A,Delhi,Meat,Normal,7,340.63,2384.41,Credit Card,4.1
INV-0446,2025-05-18,B,Pune,Bread,Normal,3,35.44,106.32,Cash,3.5
INV-0447,2025-02-19,A,Delhi,Milk,Member,4,36.47,145.88,UPI,4.5
INV-0448,2025-01-03,C,Mumbai,Cheese,Member,6,129.23,775.38,UPI,4.4
INV-0449,2025-04-17,B,Pune,Cheese,Normal,5,191.1,955.5,UPI,3.1
INV-0450,2025-04-23,B,Pune,Milk,Member,2,47.4,94.8,Credit Card,3.7
INV-0451,2025-04-04,A,Delhi,Snacks,Member,6,108.42,650.52,UPI,4.1
INV-0452,2025-04-28,C,Mumbai,Milk,Member,3,79.66,238.98,UPI,3.7
INV-0453,2025-03-22,A,Delhi,Cheese,Member,8,181.81,1454.48,UPI,4.4
INV-0454,2025-04-19,C,Mumbai,Cheese,Normal,2,211.81,423.62,UPI,4.0
INV-0455,2025-02-20,A,Delhi,Meat,Normal,1,274.68,274.68,UPI,4.1
INV-0456,2025-05-27,A,Delhi,Personal Care,Normal,9,195.56,1760.04,Cash,3.7
INV-0457,2025-06-19,A,Delhi,Bread,Member,3,84.13,252.39,UPI,2.7
INV-0458,2025-02-04,B,Pune,Milk,Normal,1,74.48,74.48,Credit Card,2.7
INV-0459,2025-02-15,B,Pune,Bread,Normal,7,88.46,619.22,UPI,4.4
INV-0460,2025-06-03,A,Delhi,Milk,Member,10,36.24,362.4,Cash,4.2
INV-0461,2025-03-10,C,Mumbai,Vegetables,Member,5,87.99,439.95,Credit Card,4.3
INV-0462,2025-04-03,B,Pune,Cheese,Normal,5,240.28,1201.4,Cash,4.1
INV-0463,2025-03-05,B,Pune,Personal Care,Normal,1,96.59,96.59,Cash,4.1
INV-0464,2025-06-14,B,Pune,Meat,Normal,9,436.9,3932.1,UPI,4.6
INV-0465,2025-02-18,B,Pune,Personal Care,Normal,7,83.71,585.97,UPI,4.3
INV-0466,2025-05-29,B,Pune,Personal Care,Member,8,168.73,1349.84,Cash,4.7
INV-0467,2025-03-15,A,Delhi,Personal Care,Normal,9,95.98,863.82,Credit Card,4.1
INV-0468,2025-01-05,A,Delhi,Bread,Normal,6,55.88,335.28,Cash,3.8
INV-0469,2025-04-10,C,Mumbai,Milk,Member,5,67.36,336.8,Cash,4.1
INV-0470,2025-03-11,C,Mumbai,Frozen Food,Normal,6,175.77,1054.62,Credit Card,3.5
INV-0471,2025-03-31,B,Pune,Vegetables,Member,2,57.06,114.12,Cash,3.8
INV-0472,2025-01-04,A,Delhi,Beverages,Member,4,92.42,369.68,UPI,4.1
INV-0473,2025-05-06,B,Pune,Personal Care,Member,3,194.35,583.05,Cash,4.1
INV-0474,2025-02-08,B,Pune,Snacks,Normal,7,55.82,390.74,Credit Card,3.9
INV-0475,2025-06-12,A,Delhi,Bread,Normal,9,55.81,502.29,UPI,3.1
INV-0476,2025-05-09,A,Delhi,Meat,Member,5,421.13,2105.65,Cash,4.4
INV-0477,2025-01-24,C,Mumbai,Beverages,Normal,6,159.96,959.76,UPI,4.5
INV-0478,2025-02-26,C,Mumbai,Frozen Food,Normal,10,148.16,1481.6,Cash,5.0
INV-0479,2025-04-10,A,Delhi,Snacks,Member,2,123.94,247.88,UPI,4.3
INV-0480,2025-03-11,A,Delhi,Frozen Food,Member,3,219.94,659.82,Cash,4.0
INV-0481,2025-02-10,A,Delhi,Beverages,Normal,3,165.56,496.68,Credit Card,3.3
INV-0482,2025-06-23,C,Mumbai,Personal Care,Member,9,147.12,1324.08,UPI,5.0
INV-0483,2025-03-01,A,Delhi,Snacks,Normal,7,62.49,437.43,Cash,4.2
INV-0484,2025-04-18,A,Delhi,Frozen Food,Normal,8,123.4,987.2,Credit Card,4.1
INV-0485,2025-02-26,C,Mumbai,Meat,Normal,10,238.71,2387.1,Credit Card,3.8
INV-0486,2025-01-31,A,Delhi,Milk,Normal,9,61.72,555.48,UPI,3.8
INV-0487,2025-03-25,C,Mumbai,Cheese,Member,6,125.25,751.5,Cash,4.4
INV-0488,2025-06-01,A,Delhi,Milk,Member,4,63.62,254.48,UPI,3.3
INV-0489,2025-02-05,A,Delhi,Beverages,Member,1,97.37,97.37,Credit Card,5.0
INV-0490,2025-06-07,A,Delhi,Bread,Member,8,47.71,381.68,Credit Card,4.9
INV-0491,2025-06-01,C,Mumbai,Cheese,Normal,7,260.72,1825.04,Cash,3.8
INV-0492,2025-04-18,C,Mumbai,Vegetables,Normal,2,59.5,119.0,Credit Card,3.4
INV-0493,2025-04-16,C,Mumbai,Meat,Member,8,178.52,1428.16,Cash,2.7
INV-0494,2025-06-07,B,Pune,Vegetables,Normal,5,87.01,435.05,Cash,3.2
INV-0495,2025-03-27,C,Mumbai,Snacks,Normal,7,45.24,316.68,UPI,4.5
INV-0496,2025-05-15,A,Delhi,Cheese,Normal,4,236.28,945.12,Credit Card,4.2
INV-0497,2025-06-12,A,Delhi,Vegetables,Member,5,83.04,415.2,UPI,4.3
INV-0498,2025-01-14,C,Mumbai,Vegetables,Member,8,51.45,411.6,Credit Card,2.8
INV-0499,2025-04-30,A,Delhi,Frozen Food,Member,1,220.21,220.21,Credit Card,3.7
INV-0500,2025-05-18,A,Delhi,Milk,Normal,1,58.2,58.2,Credit Card,4.9
